title,label
Sun offers processing by the hour,0
Wilkinson return 'unlikely',1
Parmalat bank barred from suing,0
2D Metal Slug offers retro fun,0
China 'blocks Google news site',0
Tory backing for ID cards,0
Gardener wins double in Glasgow,1
BMW to recall faulty diesel cars,1
No to Royal succession shake-up,0
Thousands join strike in Wales,1
Stars gear up for Bafta ceremony,1
Newest EU members underpin growth,0
Lib Dems' new election PR chief,1
Top judge clashes with ministers,1
Drink remark 'acts as diversion',0
Sky takes over Oscar night mantle,1
Fears raised over ballet future,0
Councils prepare to set tax rises,1
Lib Dems predict 'best ever poll',0
Kilroy-Silk quits 'shameful' UKIP,0
"GM, Ford cut output as sales fall",0
Web radio takes Spanish rap global,1
UK economy ends year with spurt,1
"Lord Scarman, 93, dies peacefully",1
Christmas sales worst since 1981,1
All Black magic: New Zealand rugby,1
Brentford v Southampton,0
Band Aid retains number one spot,1
Hodges announces rugby retirement,0
Baby becomes new Oscar favourite,1
Halo 2 sells five million copies,0
Broadband challenges TV viewing,1
Faultless Federer has no equal,0
Nuclear dumpsite' plan attacked,1
Souness delight at Euro progress,1
BBC web search aids odd queries,1
More women turn to net security,1
US budget deficit to reach $368bn,1
Millions to miss out on the net,1
Stevens named in England line-up,1
Benitez 'to launch Morientes bid',0
Murray to make Cup history,1
Mutant book wins Guardian prize,1
Johnny Depp: The acting outlaw,1
Roddick into San Jose final,1
Barclays profits hit record level,1
Sydney to host north v south game,1
Melzer shocks Agassi in San Jose,0
Europe backs digital TV lifestyle,0
Apple attacked over sources row,1
Brown names 16 March for Budget,0
BT offers free net phone calls,0
Campaign 'cold calls' questioned,1
Brainwave' cap controls computer,0
Bening makes awards breakthrough,1
Fantasy book wins Hollywood deal,1
Coach Ranieri sacked by Valencia,1
Aids and climate top Davos agenda,1
Unilever shake up as profit slips,1
Dollar drops on reserves concerns,1
Jack Cunningham to stand down,0
Choose hope over fear - Kennedy,0
Wembley firm won't make a profit,1
Nuclear strike 'key terror risk',1
Venezuela reviews foreign deals,1
Egypt to sell off state-owned bank,1
Hingis hints at playing comeback,1
Scrum-half Williams rejoins Bath,0
Howard unveils Tory asylum plans,1
Disney backs Sony DVD technology,0
Durex maker SSL awaits firm bid,1
Chinese dam firm 'defies Beijing',0
J&J agrees $25bn Guidant deal,1
EC calls truce in deficit battle,1
Windows worm travels with Tetris,1
Teens 'know little' of politics,0
TV station refuses adoption show,0
Boateng to step down at election,0
Pandas benefit from wireless net,1
Farrell saga to drag on - Lindsay,0
Bollywood DVD fraudster is jailed,1
Trade gap narrows as exports rise,1
Putin backs state grab for Yukos,0
Fightstar take to the stage,1
Ray Charles studio becomes museum,1
India-Pakistan peace boosts trade,1
BMW drives record sales in Asia,1
Tough rules for ringtone sellers,0
Oasis star fined for German brawl,0
MSPs hear renewed climate warning,1
Mobiles double up as bus tickets,1
Dance music not dead says Fatboy,0
Napster offers rented music to go,0
Movie body hits peer-to-peer nets,0
Blackburn v Burnley,1
Johnson uncertain about Euro bid,0
Prodigy join V Festival line-up,0
Row threatens Hendrix museum plan,1
Libya takes $1bn in unfrozen funds,1
Best person' for top legal job,0
O'Sullivan keeps his powder dry,0
Disaster claims 'less than $10bn',0
Euro firms miss out on optimism,0
Tory leader urges Harry apology,1
Call to save manufacturing jobs,1
Web helps collect aid donations,1
Cole faces lengthy injury lay-off,1
Preview: Ireland v England (Sun),1
Turkey knocks six zeros off lira,0
Mobiles get set for visual radio,1
Split-caps pay £194m compensation,1
No jail for singer Courtney Love,1
Actor Foxx sees Globe nominations,1
Italy 8-38 Wales,0
DJ double act revamp chart show,1
Seamen sail into biometric future,0
Double injury blow strikes Wales,0
Merritt close to indoor 400m mark,1
Deadline nears for Fiat-GM deal,0
Benitez delight after crucial win,0
Crude oil prices back above $50,1
REM concerts blighted by illness,1
Hollywood ready for Oscars night,1
Beer giant swallows Russian firm,0
Tory expert denies defeatism,1
UKIP candidate suspended in probe,1
Google launches TV search service,1
Roxy Music on Isle of Wight bill,1
Air passengers win new EU rights,0
Britain boosted by Holmes double,1
Bush website blocked outside US,1
Concerns at school diploma plan,1
House prices rebound says Halifax,1
Roddick in talks over new coach,1
Music man to the Oscars,0
US manufacturing expands,1
Britney attacks 'false tabloids',1
Stock market eyes Japan recovery,1
S Korea spending boost to economy,1
China suspends 26 power projects,1
"Petrol duties frozen, Brown says",1
Burglar defence guidelines issued,1
More to do' on adult literacy,1
Spark heads world Booker list,0
Labour faces 'cold calls' inquiry,0
England claim Dubai Sevens glory,0
Streets have 'album of the year',1
UK Coal plunges into deeper loss,1
UK pioneers digital film network,1
Super Size Me wins writers' award,1
TV calls after Carroll error,1
Tate & Lyle boss bags top award,0
More movies head to Sony's PSP,1
Warnings about junk mail deluge,0
Visa decision 'every 11 minutes',0
Millions buy MP3 players in US,1
Edu blasts Arsenal,0
Looks and music to drive mobiles,1
Off-colour Gardener storms to win,0
EU referendum could cost £80m',1
Assembly ballot papers 'missing',1
New York rockers top talent poll,1
Hollywood campaign hits websites,1
Microsoft seeking spyware trojan,1
Bath faced with Tindall ultimatum,0
Poll explains free-kick decision,0
S Korean consumers spending again,0
Lennon brands Rangers favourites,1
Actress Roberts takes spider role,1
What high-definition will do to DVDs,1
Venus stunned by Farina Elia,1
Howard denies split over ID cards,1
Guantanamo man 'suing government',0
Egypt and Israel seal trade deal,1
Ailing EuroDisney vows turnaround,0
Broadband in the UK growing fast,0
TV presenter Deeley drops CD:UK,1
J-Lo and husband plan debut duet,1
Hyundai to build new India plant,1
Latest Opera browser gets vocal,0
Cage film's third week at US top,1
McConnell details Scots wave toll,1
Indonesia 'declines debt freeze',0
Mobile multimedia slow to catch on,0
Microsoft takes on desktop search,1
No UK premiere for Rings musical,0
Economy focus for election battle,0
WMC profits up amid bid criticism,1
Microsoft makes anti-piracy move,1
Kennedy questions trust of Blair,0
Cardinal criticises Iraq war cost,1
Injury doubts beset Wales squad,0
Visa row mandarin made Sir John,0
Hewitt survives Nalbandian epic,1
Insurance bosses plead guilty,0
Disney backs Sony DVD technology,1
Child access laws shake-up,0
US gives foreign firms extra time,1
Star Trek fans fight to save show,0
Golden rule boost for Chancellor,0
Virgin Blue shares plummet 20%,1
Nintendo adds media playing to DS,1
No more concessions' on terror,1
Blind student 'hears in colour',0
At a glance: Tory health checks,1
Strong quarterly growth for Nike,1
Bellamy fined after row,1
Hewitt decries 'career sexism',1
Wall Street cheers Bush victory,1
What the election should really be about?,1
Beckham virus spotted on the net,0
MPs assess Scots fishing industry,1
Japan turns to beer alternatives,0
Apple Mac mini gets warm welcome,1
Businesses fail to plan for HIV,0
Italy aim to rattle England,0
Bush to get 'tough' on deficit,0
Hotspot users gain free net calls,0
Venezuela identifies 'idle' farms,1
Warning over Windows Word files,1
Singer's film to show at festival,0
Prop Jones ready for hard graft,1
Kewell waits as injury drags on,0
Singer Sizzla jailed for swearing,1
EU rules 'won't stop UK spending',1
More reforms ahead says Milburn,1
Solutions to net security fears,1
Early Elvis recordings go on sale,1
UK 'world's biggest music buyer',1
Safin relieved at Aussie recovery,1
UK will stand firm on EU rebate',1
Tories unveil quango blitz plans,1
Beastie Boys win sampling battle,1
Virus poses as Christmas e-mail,1
Parmar ruled out of Davis Cup tie,1
Euronext 'poised to make LSE bid',0
Krispy Kreme shares hit,0
No UK apology' for colonial past,0
Gurkhas to help tsunami victims,1
George Michael to perform for BBC,1
Nissan names successor to Ghosn,1
Bryan twins keep US hopes alive,1
Gallas sees two-horse race,0
Aviator wins top Globes accolades,1
MPs tout Lords replacement plan,1
EA to take on film and TV giants,0
Friends fear' with lost mobiles,1
Elton plays Paris charity concert,1
Pop band Busted to 'take a break',0
Disappointed Scott in solid start,1
BAA support ahead of court battle,1
Wood - Ireland can win Grand Slam,0
US Airways staff agree to pay cut,0
Music mogul Fuller sells company,1
Fit-again Betsen in France squad,0
Final hunts held as ban looms,1
Campaign 'cold calls' questioned,1
UK set to cut back on embassies,1
Oil rebounds from weather effect,0
Ban hits Half-Life 2 pirates hard,1
No-one can define new hunt ban',0
Metlife buys up Citigroup insurer,1
Highbury tunnel players in clear,0
The comic book genius of Stan Lee,1
LSE doubts boost bidders' shares,1
GB quartet get cross country call,1
Industrial revival hope for Japan,0
Ireland v USA (Sat),0
Pakistani women 'must not hide',0
EU software patent law faces axe,1
Federer forced to dig deep,1
Giant waves damage S Asia economy,0
Ronaldo considering new contract,0
UK economy facing 'major risks',1
Castaignede fires Laporte warning,1
Thomas out of Six Nations,0
Circuit City gets takeover offer,0
"Analysis: No pain, no gain?",0
England given tough Sevens draw,1
Open source leaders slam patents,0
Levy takes Whitbread novel prize,1
Huge rush for Jet Airways shares,1
Oscars race enters final furlong,0
Berlin celebrates European cinema,1
Moody joins up with England,1
The 'ticking budget' facing the US,0
Podcasts mark rise of DIY radio,0
Singapore growth at 8.1% in 2004,1
Marsh executive in guilty plea,0
Learning to love broadband,1
Mansfield 0-1 Leyton Orient,1
Ask Jeeves joins web log market,1
Brown hits back in Blair rift row,1
Mirza shocks Kuznetsova,0
Weak data buffets French economy,0
Sony PSP console hits US in March,1
Desailly backs Blues revenge trip,0
Davenport dismantles young rival,0
Anelka 'eyes Man City departure',1
Labour's core support takes stock,1
Venezuela and China sign oil deal,1
US bank boss hails 'genius' Smith,1
Clijsters hope on Aussie Open,1
Spider-Man creator wins profits,1
Prince crowned 'top music earner',1
McDonald's boss Bell dies aged 44,1
Triple triumph for Little Britain,0
Brown shrugs off economy fears,1
Apple sues to stop product leaks,1
UK heading wrong way - Howard,0
Slater to star in Broadway play,1
Police chief backs drinking move,0
Labour targets 'hardcore truants',0
Blind student 'hears in colour',1
Fast lifts rise into record books,1
Mobile networks seek turbo boost,1
Cheaper chip for mobiles,1
Oscar nominees gear up for lunch,1
Terror suspects face house arrest,0
Hewitt falls to Dent in Adelaide,1
Nortel in $300m profit revision,1
Berlin honours S Korean director,1
Kerr frustrated at victory margin,1
Iraqi voters turn to economic issues,0
Text message record smashed,0
US TV special for tsunami relief,1
Blair dismisses quit claim report,1
Internet boom for gift shopping,1
Mobile TV tipped as one to watch,1
Saudi investor picks up the Savoy,0
Ukraine trims privatisation check,1
Guantanamo pair's passport ban,1
Lasers help bridge network gaps,1
Japan bank shares up on link talk,1
Clyde 0-5 Celtic,1
Tory candidate quits over remark,0
US in EU tariff chaos trade row,0
Ultra fast wi-fi nears completion,1
Ferrero eyes return to top form,1
Ferguson puts faith in youngsters,1
Bush budget seeks deep cutbacks,1
Athens memories soar above lows,0
Campaigners attack MTV 'sleaze',0
Asian quake hits European shares,1
Home phones face unclear future,1
Kenyon denies Robben Barca return,0
Wi-fi web reaches farmers in Peru,1
No re-draft' for EU patent law,0
Fosters buys stake in winemaker,0
Europe blames US over weak dollar,1
Lufthansa flies back to profit,1
Scotland v Italy (Sat),0
Wright-Phillips to start on right,0
Bond game fails to shake or stir,1
Help for indies in download sales,1
Argentina closes $102.6bn debt swap,1
Queen recruit singer for new tour,1
Turkey turns on the economic charm,0
Mixed Christmas for US retailers,0
Kennedy's cautious optimism,0
Troubled Marsh under SEC scrutiny,1
Kenya lift Chepkemei's suspension,0
Cash gives way to flexible friend,0
World tour for top video gamers,0
Voters 'don't trust politicians',1
Chelsea sack Mutu,0
French boss to leave EADS,1
US TV cuts nudity from BBC film,1
Rings of steel combat net attacks,1
Three DJs replace Peel radio show,1
Sony PSP tipped as a 'must-have',1
Applegate's Charity show closes,1
Bombardier chief to leave company,0
Retirement age could be scrapped,0
Holmes wins '2004 top TV moment',1
Jowell confirms casino climbdown,1
Johnny and Denise lose Passport,0
Senior Fannie Mae bosses resign,1
Dirty Den's demise seen by 14m,1
Card fraudsters 'targeting web',0
Clarke to press on with ID cards,0
Euronext joins bid battle for LSE,1
Chepkemei hit by big ban,0
Rangers seal Old Firm win,0
Blair to face trust issue head on,1
U2 stars enter rock Hall of Fame,1
Ireland surge past Scots,0
Brainwave' cap controls computer,0
De Niro film leads US box office,1
Moya sidesteps Davis Cup in 2005,1
Cairn shares up on new oil find,1
Enron bosses in $168m payout,1
Thanou desperate to make return,1
Bad e-mail habits sustains spam,0
Gritty return for Prince of Persia,0
Qwest may spark MCI bidding war,1
Corry backs skipper Robinson,1
Telegraph newspapers axe 90 jobs,0
Weak dollar trims Cadbury profits,1
Wal-Mart is sued over rude lyrics,1
High fuel prices hit BA's profits,1
Jamelia's return to the top,1
Stormy year for property insurers,0
Trial date is set for Balco case,0
Banker loses sexism claim,0
DVD review: Harry Potter and the Prisoner of Azkaban,1
Uefa approves fake grass,1
Seamen sail into biometric future,1
WorldCom bosses' $54m payout,1
Blair told to double overseas aid,1
Wales silent on Grand Slam talk,0
Domain system scam fear,1
Indie film nominations announced,1
iTunes now selling Band Aid song,1
Tories attack burglar 'U-turns',1
Italy to get economic action plan,1
Strachan turns down Pompey,1
Henman & Murray claim LTA awards,0
Film row over Pirates 'cannibals',1
Portishead back after eight years,1
Parliament's record of scandal,1
Media gadgets get moving,1
Kilroy launches 'Veritas' party,0
Vibe awards back despite violence,0
California sets fines for spyware,0
Brown in appeal for Labour unity,1
REM announce new Glasgow concert,1
Navratilova hits out at critics,0
Ten-year tragedy of missing Manic,0
Tevez - an Argentine in Brazil,0
Fox 'too reliant on reality TV',0
Stars pay tribute to actor Davis,1
T in the Park sells out in days,1
Davenport hits out at Wimbledon,1
House prices show slight increase,1
Karachi stocks hit historic high,1
Opposition grows to house arrests,0
Looks and music to drive mobiles,1
Macy's owner buys rival for $11bn,1
Man auctions ad space on forehead,1
US interest rates increased to 2%,1
Oscar host Rock to keep it clean,0
Rovers reject third Ferguson bid,1
Hotspot users gain free net calls,1
Howard rejects BNP's claim,1
Security scares spark browser fix,0
File-swappers ready new network,1
Low-cost airlines hit Eurotunnel,1
Youssou N'Dour wins music prize,1
Blair dismisses quit claim report,1
Brown comes out shooting,0
Europe asks Asia for euro help,1
Borussia Dortmund near bust,0
US duo in first spam conviction,1
Fannie Mae 'should restate books',0
Federer claims Dubai crown,1
UK TV channel rapped for CSI ad,1
Khodorkovsky quits Yukos shares,1
Winemaker rejects Foster's offer,0
Man Utd through after Exeter test,1
Candidate resigns over BNP link,1
Mido makes third apology,0
Wolves appoint Hoddle as manager,1
Lib Dems' 'bold' election policy,0
Howard attacks 'pay later' Budget,0
Blinx sequel purrs nicely,1
New media battle for Bafta awards,1
Rap boss arrested over drug find,1
Mixed signals from French economy,0
US seeks new $280bn smoker ruling,1
Nadal puts Spain 2-0 up,1
"School sport 'is back', says PM",0
Top stars join US tsunami TV show,1
Anglers 'could face prosecution',1
Classy Henman makes winning start,1
IBM puts cash behind Linux push,1
Safin cool on Wimbledon,0
Strike threat over pension plans,1
Sella wants Michalak recall,1
WMC says Xstrata bid is too low,1
Broadband fuels online change,0
Ethnic producers 'face barriers',0
EU software patent law faces axe,1
Broadband fuels online expression,0
IAAF launches fight against drugs,0
Dozens held over ID fraud site,0
Crucial decision on super-casinos,0
New consoles promise big problems,1
Broadband set to revolutionise TV,1
Bank payout to Pinochet victims,1
Serena becomes world number two,1
Fockers fuel festive film chart,1
Ukraine revisits state sell-offs,0
TOTP turns to Elvis impersonator,0
&#163;1.8m indecency fine for Viacom,0
Prince crowned 'top music earner',0
IAAF to rule on Greek sprint pair,1
Angels 'favourite funeral song',1
Pre-poll clash on tax and spend,1
Google's toolbar sparks concern,1
Straw attacked on China arms,0
Format wars could 'confuse users',1
Career honour for actor DiCaprio,1
Row over 'police' power for CSOs,1
End Bush 'denial' Blair tells EU,1
Ireland 21-19 Argentina,0
Muslim group attacks TV drama 24,1
"Rover deal 'may cost 2,000 jobs'",0
Moya fights back for Indian title,0
India's rupee hits five-year high,0
Goldsmith denies war advice claim,0
Chinese exports rise 25% in 2004,1
Freeze on anti-spam campaign,1
Apple laptop is 'greatest gadget',1
Barcelona title hopes hit by loss,1
Adriano's Chelsea link rejected,0
Ex-Boeing director gets jail term,1
Brookside creator's Channel 4 bid,0
Souness eyes summer move for Owen,0
French suitor holds LSE meeting,1
Junk e-mails on relentless rise,1
Ferguson fears Milan cutting edge,1
Indian oil firm eyes Yukos assets,1
Khodorkovsky ally denies charges,0
Clarke faces ID cards rebellion,1
Boeing secures giant Japan order,1
Bank voted 8-1 for no rate change,1
Jobs go at Oracle after takeover,0
Who do you think you are?,0
Roche 'turns down Federer offer',1
Tindall aiming to earn Lions spot,1
US casino 'tricks' face ban in UK,1
Long life promised for laptop PCs,1
Tarantino 'to make Friday sequel',1
MPs criticise child access system,1
Ferguson urges Henry punishment,0
Band Aid 20 single storms to No 1,1
US Ahold suppliers face charges,1
Norway upholds 'Napster' ruling,1
BMW cash to fuel Mini production,1
PlayStation 3 processor unveiled,1
Pixies take on Reading and Leeds,0
Women in film 'are earning less',1
El Guerrouj targets cross country,0
Sayeed to stand down as Tory MP,1
The Producers scoops stage awards,0
Broadband steams ahead in the US,1
News Corp eyes video games market,1
A November to remember,0
Hong Kong in 2011 World Cup bid,0
MPs' murder sentence concern,1
US consumer confidence up,1
SA return to Mauritius,0
Blair says UK tsunami aid to soar,1
French wine gets 70m euro top-up,1
Beckham relief as Real go through,1
Australia rates at four year high,1
Yukos bankruptcy 'not US matter',0
Newcastle 27-27 Gloucester,0
Microsoft debuts security tools,0
Watchdog probes Vivendi bond sale,0
Freeze on anti-spam campaign,1
Redknapp's Saints face Pompey tie,0
Robinson out of Six Nations,1
Palace threat over Cantona masks,0
Wilkinson fit to face Edinburgh,1
China 'to overtake US net use',0
A question of trust and technology,0
Asia shares defy post-quake gloom,1
US TV host Clark suffers stroke,1
Paris promise raises Welsh hopes,0
US to probe airline travel chaos,1
Double eviction from Big Brother,1
Green fear for transport ballot,0
Peace demo appeal rejected,1
Microsoft gets the blogging bug,0
Game warnings 'must be clearer',0
Keegan hails comeback king Fowler,0
Giving financial gifts to children,0
Horror film heads US box office,1
Jarre joins fairytale celebration,0
Moya emotional after Davis Cup win,1
Dutch watch Van Gogh's last film,1
Web radio takes Spanish rap global,1
February poll claim 'speculation',1
China Aviation seeks rescue deal,0
Mourinho receives Robson warning,0
Hitzlsperger waiting on O'Leary,1
Eminem secret gig venue revealed,1
How to make a greener computer,1
Campbell lifts lid on United feud,1
Arsenal 'may seek full share listing',0
Musical treatment for Capra film,1
Umbro profits lifted by Euro 2004,0
No charges against TV's Cosby,0
Spain coach faces racism inquiry,1
Real will finish abandoned match,0
Anelka apologises for criticism,0
Trial begins of Spain's top banker,0
Fido' to be taken off vote lists,1
How to smash a home computer,1
"No election TV debate, says Blair",1
U2 to play at Grammy awards show,1
Soderling wins tense Milan final,1
Fast moving phone bugs appear,1
Singer's film to show at festival,0
McClaren eyes Uefa Cup top spot,1
Nintendo handheld given Euro date,1
BBC to pour £9m into new comedy,1
Cars pull down US retail figures,1
Surprise win for anti-Bush film,0
Halloween writer Debra Hill dies,1
Share boost for feud-hit Reliance,0
Go-ahead for new internet names,1
Gatlin and Hayes win Owen awards,0
Lifestyle 'governs mobile choice',1
Turkey deal 'to help world peace',1
Foxx and Swank take actors awards,1
PC photo printers challenge pros,1
GE sees 'excellent' world economy,1
O'Gara revels in Ireland victory,0
Controversial film tops festival,0
Doors open at biggest gadget fair,0
Ivanovic seals Canberra victory,1
Bank opts to leave rates on hold,1
Duran Duran show set for US TV,1
Ex-PM Lord Callaghan dies aged 92,1
Bekele sets sights on world mark,0
Mourinho to escape FA charge,1
Ultimate game' award for Doom 3,0
Zambia confident and cautious,1
Brando 'rejected Godfather role',1
Cannabis hopes for drug firm,1
US peer-to-peer pirates convicted,0
Tory leader 'cleared' over work,0
Quake's economic costs emerging,1
Tsunami to cost Sri Lanka $1.3bn,1
India seeks to boost construction,1
Musical future for phones,0
Aviator 'creator' in Oscars snub,1
Crossrail link 'to get go-ahead',0
Moya clinches Cup for Spain,1
Pupils to get anti-piracy lessons,1
Wal-Mart fights back at accusers,1
Monsanto fined $1.5m for bribery,1
Apple sues 'Tiger' file sharers,1
Terror detainees win Lords appeal,1
Savvy searchers fail to spot ads,1
England's defensive crisis grows,0
Collins named UK Athletics chief,1
Christmas shoppers flock to tills,0
Wasps 31-37 Leicester,0
Jamieson issues warning to bigots,1
UK youth 'interested' in politics,0
IAAF will contest Greek decision,1
Women MPs reveal sexist taunts,1
US show sued for rat-eating stunt,0
Virgin Radio offers 3G broadcast,1
Vickery out of Six Nations,1
Rusedski angry over supplements,1
What's next for next-gen consoles?,0
Johnson announces June retirement,0
Water firm Suez in Argentina row,0
Cebit fever takes over Hanover,0
German economy rebounds,1
Police detain Chinese milk bosses,0
Ban on hunting comes into force,1
Profits slide at India's Dr Reddy,1
Henry tipped for Fifa award,1
Wolves appoint Hoddle as manager,0
Lewsey puzzle over disallowed try,0
Global blogger action day called,1
Dame Julie pops in to see Poppins,1
Apple laptop is 'greatest gadget',0
Kenyan school turns to handhelds,0
Mobiles 'not media players yet',0
Da Vinci Code is 'lousy history',0
Asia quake increases poverty risk,1
Mobile gig aims to rock 3G,1
Row brewing over peer-to-peer ads,1
Gangsters dominate gaming chart,1
Golden economic period' to end,0
Ban on forced retirement under 65,1
Ocean's Twelve raids box office,1
Tulu to appear at Caledonian run,1
School tribute for TV host Carson,1
"US insurer Marsh cuts 2,500 jobs",1
MPs to debate 'euthanasia laws',0
Doors open at biggest gadget fair,1
Vouchers 'to cut winter deaths',0
O'Sullivan commits to Dublin race,0
TV future in the hands of viewers,1
A-listers flock to Gervais sitcom,1
Labour pig poster 'anti-Semitic',0
Evil twin' fear for wireless net,0
Abbas 'will not tolerate' attacks,1
Day-Lewis set for Berlin honour,1
Glazer makes new Man Utd approach,0
Telewest to challenge Sky Plus,1
Turkey-Iran mobile deal 'at risk',1
Technology gets the creative bug,1
Apple unveils low-cost 'Mac mini',0
Tokyo says deflation 'controlled',1
Plan to give elderly care control,1
"Dibaba breaks 5,000m world record",0
Errors' doomed first Dome sale,1
Howard attacks cost of asylum,1
Japan economy slides to recession,1
UKIP outspent Labour on EU poll,0
Slovakia reach Hopman Cup final,1
EU to probe Alitalia 'state aid',1
LSE 'sets date for takeover deal',0
Elvis fans hold birthday bash,1
Defection timed to hit tax pledge,0
Pension hitch for long-living men,1
Klinsmann issues Lehmann warning,1
New 'yob' targets to be unveiled,0
No half measures with Half-Life 2,1
Net fingerprints combat attacks,0
Faith schools citizenship warning,0
Mandelson warning to BBC,0
Edwards tips Idowu for Euro gold,1
Federer joins all-time greats,1
Howard taunts Blair over splits,1
Hatfield executives go on trial,1
Label withdraws McFadden's video,1
Umaga ready for Lions,1
Tigers wary of Farrell 'gamble',0
Liberian economy starts to grow,1
Stalemate in pension strike talks,1
Attack prompts Bush site block,1
Indonesians face fuel price rise,1
Can Yahoo dominate next decade?,0
Lacroix label bought by US firm,1
Collins calls for Chambers return,0
Tsunami slows Sri Lanka's growth,1
US cyber security chief resigns,1
Mayor will not retract Nazi jibe,1
Podcasters' look to net money,0
Concerns over Windows ATMs,1
Bortolami predicts dour contest,1
Blair buys copies of new Band Aid,1
The Sound of Music is coming home,0
Text message record smashed again,1
Lawyer attacks anti-terror laws,1
Poppins musical gets flying start,1
UK gets official virus alert site,1
Belle named 'best Scottish band',0
Aragones angered by racism fine,0
Dollar hits new low versus euro,1
Yukos seeks court action on sale,1
Hearts of Oak 3-2 Cotonsport,1
UK broadband gets speed injection,1
Rock group Korn's guitarist quits,1
O'Driscoll/Gregan lead Aid stars,1
Video phone help for deaf people,1
Campbell: E-mail row 'silly fuss',0
Election 'could be terror target',1
Brown to outline presidency goals,1
Google shares fall as staff sell,1
India opens skies to competition,1
Fuming Robinson blasts officials,1
Blair moves to woo Jewish voters,1
Mobile multimedia slow to catch on,1
Casual gaming to 'take off',0
Nasdaq planning $100m share sale,1
Campbell rescues Arsenal,1
Lions blow to World Cup stars,1
Barbarians 19-47 New Zealand,0
Minister digs in over doping row,1
Lee to create new film superhero,1
Legendary Dutch boss Michels dies,0
Irish markets reach all-time high,1
Connick Jr to lead Broadway show,1
Wales win in Rome,0
Camera phones are 'must-haves',1
Versace art portfolio up for sale,1
Tories pledge free sports lessons,1
"Hendrix guitar fetches £100,000",1
West End to honour finest shows,1
Johnson edges out rival Sotherton,0
Campese berates whingeing England,1
Slow start to speedy net services,0
2D Metal Slug offers retro fun,1
Industrial output falls in Japan,1
FA charges Liverpool and Millwall,0
Hanks greeted at wintry premiere,1
Low-budget film wins Cesar,1
German bidder in talks with LSE,1
U2's desire to be number one,1
Talks aim to avert pension strike,1
French honour for director Parker,1
Aviation firms eye booming India,1
Apple unveils low-cost 'Mac mini',1
Royal couple watch nation's mood,1
Games help you 'learn and play',1
Ultimate game' award for Doom 3,1
Spirit awards hail Sideways,0
Radcliffe eyes hard line on drugs,0
Immigration to be election issue,1
Yangtze Electric's profits double,1
Microsoft gets the blogging bug,0
Barclays shares up on merger talk,1
Ministers 'naive' over phone-taps,0
Prime minister's questions,1
Peer-to-peer nets 'here to stay',0
De Niro completes box office coup,1
Plaid MP's cottage arson claim,1
Parker's saxophone heads auction,1
Digital UK driven by net and TV,1
Brazil approves bankruptcy reform,1
Wales coach elated with win,0
Slim PlayStation triples sales,0
"Protect whistleblowers, TUC says",1
Oil prices fall back from highs,1
EastEnders 'is set for US remake',1
India unveils anti-poverty budget,1
Consumer spending lifts US growth,1
Broadband in the UK growing fast,0
Speech takes on search engines,1
Shares hit by MS drug suspension,1
Kennedy predicts bigger turnout,1
Councils 'must find Gypsy sites',0
Cudicini misses Carling Cup final,1
Battered dollar hits another low,1
Escaped prisoner report ordered,1
Pop band Busted to 'take a break',0
Tech helps disabled speed demons,0
Bosvelt optimistic over new deal,0
Yahoo moves into desktop search,1
Mobile games come of age,1
US regulator to rule on pain drug,0
Executive trio leave Aer Lingus,1
Celebrities get to stay in jungle,0
Digital guru floats sub-$100 PC,1
Arnesen denies rift with Santini,1
Brown calls for £5.5bn Aids fund,1
Usher leads Billboard nominations,1
Kinnock to urge reform in Lords,1
BMW reveals new models pipeline,1
Student 'inequality' exposed,0
Branson show flops on US screens,1
Yukos drops banks from court bid,1
Levy tipped for Whitbread prize,1
Rapper Kanye West's shrewd soul,0
Palestinian economy in decline,1
Stallone evicted from Big Brother,1
Ferguson rues failure to cut gap,0
Gold falls on IMF sale concerns,1
Media seek Jackson 'juror' notes,0
Jobs growth still slow in the US,1
O'Connell rejects Lions rumours,0
Cable offers video-on-demand,0
Kennedy calls for Iraq exit plans,1
Kilroy unveils immigration policy,1
BT offers equal access to rivals,1
Lesotho textile workers lose jobs,1
Ford gains from finance not cars,1
Mourinho expects fight to finish,1
Newcastle line up Babayaro,1
Correction agency plans dropped,0
Speak easy plan for media players,0
Japanese mogul arrested for fraud,0
BBC poll indicates economic gloom,1
Broadband in the UK gathers pace,1
Serena ends Sania Mirza's dream,1
UK interest rates held at 4.75%,1
S Korean lender faces liquidation,1
Sir Paul rocks Super Bowl crowds,1
Blunkett tells of love and pain,0
Debate needed' on donations cap,1
Stuart joins Norwich from Addicks,0
Wales want rugby league training,1
Dunne keen to commit to Man City,1
Screensaver tackles spam websites,0
New Harry Potter tops book chart,1
Rescue hope for Borussia Dortmund,0
Moving mobile improves golf swing,1
Gallery unveils interactive tree,0
Henson stakes early Lions claim,0
Remote control rifle range debuts,1
South Africa sweep top awards,0
Labour seeks to quell feud talk,0
Consumer concern over RFID tags,0
Wales get Williams fitness boost,1
Labour's 'EU propaganda',1
Aaliyah claim dismissed by court,0
Vera Drake scoops film award,1
France starts digital terrestrial,1
Patti Smith to host arts festival,1
Glaxo aims high after profit fall,0
IAAF awaits Greek pair's response,1
Delta cuts fares in survival plan,1
US economy still growing says Fed,1
Tories unveil quango blitz plans,1
Super union' merger plan touted,0
Elvis 'set for chart hat-trick',0
Brussels raps mobile call charges,0
Rush future at Chester uncertain,1
Williams stays on despite dispute,1
Yukos loses US bankruptcy battle,0
Israel looks to US for bank chief,0
E-University 'disgraceful waste',0
US peer-to-peer pirates convicted,0
Computer grid to help the world,1
Ebbers denies WorldCom fraud,0
Spam e-mails tempt net shoppers,1
Council tax rise 'reasonable',1
China had role in Yukos split-up,1
OutKast win at MTV Europe Awards,1
Cabinet anger at Brown cash raid,0
FA decides not to punish Mourinho,0
Election deal faltered over Heath role,0
More power to the people says HP,1
Howard 'truanted to play snooker',0
Protesters plan airport challenge,0
Iraqis win death test case probe,1
Smartphones suffer Skulls attack,1
Israeli economy picking up pace,1
BT program to beat dialler scams,1
Mourinho takes swipe at Arsenal,1
No ads for Passion Oscar campaign,0
Top of the Pops leaves BBC One,1
Robots learn 'robotiquette' rules,0
Blair hails Turkey-EU talks deal,1
Healey targets England comeback,1
Mirza makes Indian tennis history,0
HealthSouth ex-boss goes on trial,0
Munster Cup tie switched to Spain,1
US 'to raise TV indecency fines',1
Nuclear body seeks new tech,1
Philippoussis doubt over Open bid,1
MG Rover China tie-up 'delayed',0
Tory leader quits legal position,1
Edu describes tunnel fracas,1
Melzer shocks Agassi,1
Prutton poised for lengthy FA ban,0
US firm pulls out of Iraq,1
GSK aims to stop Aids profiteers,1
Bell set for England debut,1
Malik rejects all-black MP lists,1
Wada will appeal against ruling,1
Speak easy plan for media players,1
IBM puts cash behind Linux push,0
Rocker Doherty in on-stage fight,1
Balco case trial date pushed back,0
McIlroy continues winning streak,0
Set your television to wow,1
Blair rejects Tory terror offer,1
Joke e-mail virus tricks users,1
Brookside actress Keaveney dies,1
Minister hits out at Yukos sale,0
Conservative MP defects to Labour,0
Stam spices up Man Utd encounter,1
MPs demand 'Budget leak' answers,1
Security warning over 'FBI virus',0
X Factor show gets second series,1
Bridge could miss rest of season,1
Hearts 2-1 Livingston,1
Brewers' profits lose their fizz,0
China continues breakneck growth,1
Corbett attacks 'dumbed-down TV',0
Tautou 'to star in Da Vinci film',0
Blair 'pressing US on climate',1
Da Vinci film to star Tom Hanks,1
Whitehall cuts 'ahead of target',0
Moyes U-turn on Beattie dismissal,1
Be careful how you code,1
Fear will help France - Laporte,1
Nadal marches on in Mexico,1
Hobbit picture 'four years away',0
Amex shares up on spin-off news,0
Chinese wine tempts Italy's Illva,1
JP Morgan admits US slavery links,1
Wenger offers Mutu hope,0
"Umaga ready for ""fearsome"" Lions",0
Consumers 'snub portable video',1
Lions blow to World Cup winners,1
Guantanamo four questioned,0
Adventure tale tops awards,1
India's Deccan gets more planes,1
UKIP MEP attacked German 'empire',0
Henman overcomes rival Rusedski,1
Bid to cut court witness stress,1
Russian oil merger excludes Yukos,1
Spain coach faces racism inquiry,0
WRU proposes season overhaul,1
S&N extends Indian beer venture,1
Game makers get Xbox 2 sneak peek,0
BT boosts its broadband packages,0
BBC leads interactive Bafta wins,1
Blair's hope for Blunkett return,1
David Blunkett in quotes,0
US firm 'bids for Lacroix label',0
Original Exorcist to be screened,0
Car giant hit by Mercedes slump,0
Asylum children to face returns,0
Vodafone appoints new Japan boss,1
Time to get tough on friendlies?,1
Text messages aid disaster recovery,0
Gadget market 'to grow in 2005',0
Ministers deny care sums 'wrong',0
Smart search lets art fans browse,1
MP's shock at long lost daughter,1
Iraq to invite phone licence bids,1
France v Wales (Sat),1
California sets fines for spyware,0
Douglas set for Indian adventure,1
Pountney handed ban and fine,1
US state acts to stop 'spammers',1
Kennedy looks to election gains,0
Sir Paul rocks Super Bowl crowds,1
Labour plans maternity pay rise,1
Rapper films music video in jail,1
Captains lining up for Aid match,1
Survey confirms property slowdown,0
Wall Street cool to eBay's profit,1
Feta cheese battle reaches court,0
Georgia plans hidden asset pardon,1
Qantas sees profits fly to record,1
Hewitt fights back to reach final,1
Newcastle 2-1 Bolton,1
Labour accused of broken pledge,1
Brown ally rejects Budget spree,1
Kilroy-Silk attacked with slurry,1
Fox attacks Blair's Tory 'lies',0
Game firm holds 'cast' auditions,0
Two Nigerian banks set to merge,1
England coach faces rap after row,1
Dal Maso in to replace Bergamasco,0
South Bank Awards honour hit soap,1
Fuming Robinson blasts officials,0
Labour trio 'had vote-rig factory',0
Further rise in UK jobless total,1
Oscar nominees lack pulling power,0
The pirates with no profit motive,1
Voters flock to blog awards site,1
Winn-Dixie files for bankruptcy,0
Short attacks US over tsunami aid,1
Intel unveils laser breakthrough,1
Spurs to sign Iceland U21 star,1
Glastonbury fans to get ID cards,1
Greek pair set for hearing,1
Labour MP praises Tory campaign,0
Little Britain vies for TV trophy,1
Arsenal through on penalties,1
Comic Morris returns with sitcom,1
EU China arms ban 'to be lifted',0
New rules tackle 'sham weddings',1
EU fraud clampdown urged,1
US critics laud comedy Sideways,1
Davenport hits out at Wimbledon,1
Brown targets OAPs and homebuyers,0
Small firms 'hit by rising costs',1
Capriati to miss Melbourne,1
Profits jump at China's top bank,1
Labour's election love-in,0
Minimum rate for foster parents,1
Hodgson shoulders England blame,1
Mobile picture power in your pocket,1
Sundance to honour foreign films,1
Moya emotional at Davis Cup win,1
Blunkett row should end - Blair,1
Berlin cheers for anti-Nazi film,1
Progress on new internet domains,1
England 'to launch ref protest',0
Tories urge 'change at the top',0
Foxx and Swank win US awards,1
IMF agrees fresh Turkey funding,1
US top of supercomputing charts,0
British Library gets wireless net,1
Johnny Cash manager Holiff dies,1
Brown names 16 March for Budget,1
Brizzel to run AAA's in Sheffield,0
Slovakia seal Hopman Cup success,0
Mexicans tracking unhappy Juninho,0
Housing plans criticised by MPs,1
Celtic make late bid for Bellamy,0
Arthur Hailey: King of the bestsellers,1
Bank set to leave rates on hold,1
Will Tory tax cuts lift spirits?,0
Federer breezes into semi-finals,1
Top gig award for Scissor Sisters,1
Rochus shocks Coria in Auckland,0
What really divides the parties,0
Butler strikes gold in Spain,1
Microsoft sets sights on spyware,1
Rapper Snoop Dogg sued for 'rape',1
France Telecom gets Orange boost,0
Beijingers fume over parking fees,1
UK bank seals South Korean deal,1
Record fails to lift lacklustre meet,1
Owen set for skipper role,0
Goldsmith: 'I was not leant on',1
Call to overhaul UK state pension,1
Fox attacks Blair's Tory 'lies',0
Progress on new internet domains,1
Kluft impressed by Sotherton form,0
India and Russia in energy talks,0
Whitehall shredding increasing - Tories,1
Radcliffe yet to answer GB call,0
Man Utd stroll to Cup win,1
What high-definition will do to DVDs,0
Wine comedy wins critics' award,1
Children vote Shrek 2 best film,1
Police probe BNP mosque leaflet,1
Big war games battle it out,0
Stern dropped from radio stations,1
EU ministers to mull jet fuel tax,1
Holmes back on form in Birmingham,1
Nintendo DS makes its Euro debut,0
Saint-Andre anger at absent stars,1
Comeback' show for Friends star,0
Eminem beats Elvis to number one,1
Vera Drake's Bafta triumph hope,0
Hitler' row over Welsh arts cash,1
Woolf murder sentence rethink,1
German music in a 'zombie' state,0
G7 backs Africa debt relief plan,0
Economy 'stronger than forecast',0
Watchdog probes e-mail deletions,0
Ministers lose slopping out case,1
Cuba winds back economic clock,0
Market unfazed by Aurora setback,1
Jackson film 'absolute disaster',0
Cyber crime booms in 2004,0
Hoffman hits out over modern film,1
Chancellor rallies Labour voters,1
Schools to take part in mock poll,1
Snow Patrol feted at Irish awards,1
Sydney return for Henin-Hardenne,1
Sporting rivals go to extra time,1
Manics in charge of BBC 6 Music,0
Rich grab half Colombia poor fund,1
Henman to face Saulnier test,1
Building giant in asbestos payout,1
Greene sets sights on world title,0
Barkley fit for match in Ireland,1
New York rockers top talent poll,1
British stars denied major Oscars,1
Greek sprinters suspended by IAAF,0
Online commons to spark debate,0
Bookmakers back Aviator for Oscar,1
Roddick splits from coach Gilbert,1
New delay hits EU software laws,1
Orange colour clash set for court,0
Henin-Hardenne beaten on comeback,0
Job cuts 'false economy'  - TUC,1
Peers debate Crown succession law,1
India to deport Bollywood actress,0
Iranian misses Israel match,0
Film star Fox behind theatre bid,1
Blair sets date for Africa report,0
Tory leader unveils spending plan,0
UK 'discriminated against Roma',1
Finding new homes for old phones,1
Lib Dems stress Budget trust gap,0
Mobile networks seek turbo boost,0
Minimum wage increased to £5.05,0
Musical treatment for Capra film,0
File-swappers ready new network,0
Clijsters set for February return,1
Gizmondo gadget hits the shelves,0
US duo in first spam conviction,0
Oscars steer clear of controversy,0
Hunt ban support is 'in decline',1
Tough schedule delays Elliot show,1
MPs issued with Blackberry threat,1
How to make a gigapixel picture,1
Russia WTO talks 'make progress',0
O'Connor aims to grab opportunity,1
Blair congratulates Bush on win,1
Deutsche Boerse set to 'woo' LSE,0
Robben and Cole earn Chelsea win,1
Blair prepares to name poll date,1
Ireland call up uncapped Campbell,0
Box office blow for Alexander,0
Hague 'given up' his PM ambition,0
Bates seals takeover,1
Net regulation 'still possible',1
Downing injury mars Uefa victory,0
Alfa Romeos 'to get GM engines',0
$1m payoff for former Shell boss,0
Thompson says Gerrard should stay,0
India power shares jump on debut,1
McCririck out of Big Brother show,1
Blog' picked as word of the year,0
Wales hails new superstar,1
Robinson ready for difficult task,1
Boogeyman takes box office lead,1
Elvis regains top chart position,1
Elvis set to top UK singles chart,1
US trade gap hits record in 2004,1
Microsoft plans 'safer ID' system,0
Ink helps drive democracy in Asia,0
Robinson wants dual code success,1
Crisis 'ahead in social sciences',0
Tottenham bid &#163;8m for Forest duo,0
ITunes user sues Apple over iPod,1
Brits return Keane to number one,1
Howard backs stem cell research,1
"Gamer buys $26,500 virtual land",1
White prepared for battle,1
Chepkemei joins Edinburgh line-up,0
Safin plays down Wimbledon hopes,0
Spike Lee backs student directors,1
Voters 'reject EU by two to one',0
Tory expert denies defeat warning,0
Citizenship event for 18s touted,1
Apple makes blogs reveal sources,1
Wenger signs new deal,1
Van Gogh festival film withdrawn,0
Gates opens biggest gadget fair,1
Former NI minister Scott dies,1
Lib Dems target first-time buyers,0
Iraq advice claim sparks new row,1
Green reports shun supply chain,0
Can Smith work Scottish wonders?,0
Butler launches attack on Blair,1
Burren awarded Egyptian contracts,0
Italy 17-28 Ireland,0
Standoff' on Deutsche's LSE bid,1
Candela completes Bolton switch,1
Multi-purpose TV aids India,0
Blair blasts Tory spending plans,0
Landmark movies' of 2004 hailed,0
Eastwood's Baby scoops top Oscars,1
Director Nair's Vanity project,1
Brown outlines third term vision,1
"CSA 'could close', says minister",1
Retail sales show festive fervour,1
Dallaglio eyeing Lions tour place,1
Terror powers expose 'tyranny',0
Films on war triumph at Sundance,1
Tsunami cost hits Jakarta shares,1
Napster offers rented music to go,1
Cole refuses to blame van Persie,1
Benitez deflects blame from Dudek,1
Ocean's Twelve raids box office,0
Malaysia lifts Islamic bank limit,1
O'Sullivan could run in Worlds,0
Brown visits slum on Africa trip,1
Pompeii gets digital make-over,1
Russian ex-spy on hunger strike,1
Finnan says Irish can win group,0
Weak dollar hits Reuters,0
SFA awaits report over Mikoliunas,0
Radcliffe will compete in London,1
Hantuchova in Dubai last eight,1
Fiat mulls Ferrari market listing,1
Newry to fight cup exit in courts,0
Search wars hit desktop PCs,1
Franz Ferdinand's art school lesson,1
Warnings on woeful wi-fi security,0
India and Iran in gas export deal,1
Britannia members' £42m windfall,1
QPR keeper Day heads for Preston,1
US blogger fired by her airline,1
US trade deficit widens sharply,1
Church anger over Bollywood film,0
Wenger shock at Newcastle dip,1
Yeading face Newcastle in FA Cup,1
Lopez misses UK charity premiere,1
Europe backs digital TV lifestyle,1
Commodore finds new lease of life,0
Economy 'strong' in election year,0
ECB holds rates amid growth fears,1
Peer-to-peer nets 'here to stay',0
Farrell due to make US TV debut,1
Reaction from Spanish press,1
Labour battle plan 'hides Blair',0
Wales make two changes for France,0
D'Arcy injury adds to Ireland woe,0
Howard hits back at mongrel jibe,0
Gebrselassie in London triple bid,1
BBC denies Blackadder TV comeback,1
DVD copy protection strengthened,1
African double in Edinburgh,1
UK young top Euro earnings league,0
UK troops on Ivory Coast standby,1
Greek sprinters 'won't run again',1
Fockers keeps US box office lead,1
Winter freeze keeps oil above $50,1
Tories opposing 24-hour drinking,1
Apple iPod family expands market,1
Safin slumps to shock Dubai loss,1
UK house prices dip in November,1
Anti-tremor mouse stops PC shakes,1
US woman sues over cartridges,0
TV debate urged for party chiefs,1
Reboot ordered for EU patent law,1
Games win for Blu-ray DVD format,1
US woman sues over ink cartridges,1
Lost Doors frontman movie found,1
What now for British tennis?,0
Download chart debut is delayed,1
Blogs take on the mainstream,1
London hope over Chepkemei,1
Tories plan migrant health checks,1
Richard and Judy choose top books,0
SEC to rethink post-Enron rules,1
UK pledges £1bn to vaccine effort,0
House prices drop as sales slow,1
Pernod takeover talk lifts Domecq,0
Young debut cut short by Ginepri,1
Player burn-out worries Robinson,0
WorldCom trial starts in New York,1
Tories attack EU asylum moves,1
EU software patent law delayed,1
Losing yourself in online gaming,1
Dollar slides ahead of New Year,1
World leaders gather to face uncertainty,1
Cup holders Man Utd visit Everton,1
Yukos owner sues Russia for $28bn,0
Cult band Kasabian surge forward,1
Unclear future for striker Baros,0
McIlroy aiming for Madrid title,0
Business fears over sluggish EU economy,1
Lib Dems target the student vote,1
Tories 'would cut number of MPs',1
Brit awards for Devon music acts,1
Kelly trails new discipline power,1
Hansen 'delays return until 2006',0
The year search became personal,1
Jansen suffers a further setback,0
Worcester v Sale (Fri),0
Kennedy begins pre-election tour,1
Springer criticises Opera musical,1
S Korean credit card firm rescued,1
Jones medals 'must go if guilty',1
Sales 'fail to boost High Street',0
Falconer rebuts 'charade' claims,1
Laporte tinkers with team,0
Calder fears for Scottish rugby,1
Koubek suspended after drugs test,1
Ireland 17-12 South Africa,0
Iran budget seeks state sell-offs,1
Jowell rejects 'Las Vegas' jibe,1
Robots march to US cinema summit,1
Hitachi unveils 'fastest robot',1
Ukraine strikes Turkmen gas deal,1
Everton's Weir cools Euro hopes,0
Blair pledges unity to Labour MPs,1
Yukos sues four firms for $20bn,1
Ebbers 'aware' of WorldCom fraud,0
Shares rise on new Man Utd offer,1
Brazil plays down Varig rescue,0
Profile: Gordon Brown,0
Kuznetsova 'failed a drugs test',0
Security warning over 'FBI virus',0
US company admits Benin bribery,1
Houllier praises Benitez regime,1
GM pays $2bn to evade Fiat buyout,0
Pearce keen on succeeding Keegan,1
Labour attacked on Howard poster,0
Bank holds interest rate at 4.75%,1
Strong demand triggers oil rally,1
EU referendum question unveiled,1
Rolling out next generation's net,0
Radcliffe proves doubters wrong,1
Officials respond in court row,1
UKIP's secret weapon?,0
Games maker fights for survival,1
Electrolux to export Europe jobs,1
Ad firm WPP's profits surge 15%,1
Reyes tricked into Real admission,1
Henman decides to quit Davis Cup,1
"Dutch bank to lay off 2,850 staff",1
Musicians 'upbeat' about the net,1
IMF 'cuts' German growth estimate,1
McIlroy wins 800m indoor title,0
Amnesty chief laments war failure,0
Markets signal Brazilian recovery,1
Rivals of the £400 Apple...,1
Scots smoking ban details set out,1
MPs quiz aides over royal income,1
Lasting influence of legend Charles,0
Volcano drama erupts on BBC One,1
First look at PlayStation 3 chip,0
Legendary music studio to close,0
Millions buy MP3 players in US,0
FAO warns on impact of subsidies,1
Blair returns from peace mission,1
Indy buys into India paper,1
Deutsche Telekom sees mobile gain,1
Brazil buy boosts Belgium's Inbev,0
Poll Idols' face first hurdles,0
Bangkok film festival battles on,0
Straw to attend Auschwitz service,1
UK 'risks breaking golden rule',0
Bat spit drug firm goes to market,0
A year to remember for Irish,1
Joy Division story to become film,1
UK homes hit £3.3 trillion total,1
Lufthansa may sue over Bush visit,0
Soul sensation ready for awards,1
Chris Evans back on the market,1
What price for 'trusted PC security'?,0
Cherie accused of attacking Bush,1
Tsunami 'won't divert Africa aid',0
SBC plans post-takeover job cuts,1
Tough rules for ringtone sellers,1
Go-ahead for Balkan oil pipeline,0
Mourinho plots impressive course,0
Quiksilver moves for Rossignol,0
Edwards tips Idowu for Euro gold,1
Baron Kinnock makes Lords debut,0
China bans new tobacco factories,1
Nintendo DS aims to touch gamers,1
Taxes must be trusted - Kennedy,0
Edgy Agassi struggles past Dent,1
Llewellyn plans Wales retirement,1
Xbox power cable 'fire fear',1
Funding cut hits Wales Students,1
Troubled Marsh under SEC scrutiny,1
Jones doping probe begins,1
Hacker threat to Apple's iTunes,1
Fiat chief takes steering wheel,0
Alicia Keys to open US Super Bowl,1
Rank 'set to sell off film unit',0
Search sites get closer to users,1
Mixed reaction to Man Utd offer,0
Boothroyd calls for Lords speaker,1
Straw backs ending China embargo,1
Football Manager scores big time,1
Harinordoquy suffers France axe,0
UK Athletics agrees new kit deal,1
Satellite mapping aids Darfur relief,1
Business confidence dips in Japan,1
Boeing unveils new 777 aircraft,1
Cairn Energy in Indian gas find,0
EMI shares hit by profit warning,1
Japan narrowly escapes recession,1
Howard denies split over ID cards,1
Injury sidelines Philippoussis,0
WorldCom director admits lying,1
Yachvili savours France comeback,0
Mobiles 'not media players yet',0
Leaders meet over Turkish EU bid,1
Veteran comic Cyril Fletcher dies,1
Mourinho defiant on Chelsea form,1
Public show for Reynolds portrait,1
The memory driving Brown's mission,0
Gadget show heralds MP3 Christmas,0
Why Cell will get the hard sell,1
Running around the Olympics,0
Latin America sees strong growth,1
Blair backs 'pre-election budget',0
UKIP candidate suspended,1
Boro suffer Morrison injury blow,0
Ireland 19-13 England,1
De Niro film leads US box office,1
Isinbayeva claims new world best,0
Jol joy at 'professional' Cup win,0
Jones happy with Henson heroics,0
Research fears over Kelly's views,0
Kenteris denies faking road crash,1
Brazil jobless rate hits new low,1
Sport betting rules in spotlight,1
Japan's ageing workforce: built to last,1
Fed chief warning on US deficit,0
Blair backs 'pre-election budget',1
Sculthorpe wants Lions captaincy,0
Queen recruit singer for new tour,1
A decade of good website design,0
Bargain calls widen Softbank loss,1
Steady job growth continues in US,1
Chancellor rallies Labour voters,1
Labour accused of 'EU propaganda',0
McConnell in 'drunk' remark row,1
Man Utd to open books to Glazer,0
EU aiming to fuel development aid,1
Leeds v Saracens (Fri),0
Russian film wins BBC world prize,1
China 'ripe' for media explosion,0
Ireland win eclipses refereeing 'errors',1
Wine comedy up for six film gongs,1
Confusion over high-definition TV,0
Almagro continues Spanish surge,0
Eurovision 'greats' to do battle,0
Weir poised for Sunderland move,0
Abba queen enters music rich list,1
EU-US seeking deal on air dispute,1
Howl helps boost Japan's cinemas,1
Robinson answers critics,0
US box office set for record high,1
Wife Swap makers sue US 'copycat',0
Curbishley delight for Johansson,1
Beckham rules out management move,0
No re-draft' for EU patent law,0
Yukos accused of lying to court,1
Holmes is hit by hamstring injury,0
Wales 'must learn health lessons',0
Humanoid robot learns how to run,1
Animation charms Japan box office,1
Tautou film tops Cesar prize nods,1
Parry relishes Anfield challenge,1
Apple attacked over sources row,1
House prices suffer festive fall,1
Sideways dominates Spirit awards,1
Lloyd's of London head chides FSA,1
My memories of Marley...',0
Greek duo cleared in doping case,1
Steady job growth continues in US,1
Germany nears 1990 jobless level,1
Roddick to face Saulnier in final,0
Dogged Federer claims Dubai crown,1
Anti-spam laws bite spammer hard,1
Robben sidelined with broken foot,1
Fockers retain film chart crown,1
Mexican in US send $16bn home,0
Digital guru floats sub-$100 PC,1
Child access law shake-up planned,0
Latest Opera browser gets vocal,1
Wal-Mart to pay $14m in gun suit,1
Manufacturing recovery 'slowing',1
"Act on detention ruling, UK urged",1
Benitez issues warning to Gerrard,1
Blogger grounded by her airline,1
DVD copy protection strengthened,1
Berlin hails European cinema,0
Court halts Mark Morrison album,1
Xbox 2 may be unveiled in summer,1
Jones files Conte lawsuit,1
Firefox browser takes on Microsoft,0
No seasonal lift for house market,0
"UK needs tax cuts, Tories insist",1
Security papers 'found in street',0
Singer Ian Brown 'in gig arrest',0
Dollar gains on Greenspan speech,0
US bank in $515m SEC settlement,1
Singer Knight backs anti-gun song,0
Gronkjaer agrees switch to Madrid,0
Peugeot deal boosts Mitsubishi,0
Labour's Cunningham to stand down,0
Manchester wins Labour conference,0
US trade gap ballooned in October,1
Van Nistelrooy set to return,0
Sony wares win innovation award,0
France set for new Da Vinci novel,1
Iraq and Afghanistan in WTO talks,1
Hillbillies singer Scoggins dies,1
Electronics firms eye plasma deal,1
Parry puts Gerrard 'above money',1
GM in crunch talks on Fiat future,0
Strong dollar' call halts slide,0
Tutu's Guantanamo release call,1
Disputed Nirvana box set on sale,0
Nasdaq planning $100m-share sale,0
Dundee Utd 4-1 Aberdeen,0
US interest rate rise expected,1
Teenagers to be allowed to be MPs,0
Qatar and Shell in $6bn gas deal,1
FBI agent colludes with analyst,0
Housewives lift Channel 4 ratings,1
China net cafe culture crackdown,0
Fresh hope after Argentine crisis,1
Firms pump billions into pensions,1
New browser wins over net surfers,0
Hewitt overcomes wobble in Sydney,0
Brown 'proud of economy record',1
Abortion not a poll issue - Blair,0
Santini resigns as Spurs manager,0
Galloway targets 'New Labour' MP,0
Commodore finds new lease of life,1
Microsoft releases bumper patches,0
Rock band U2 break ticket record,1
Rapper Jay-Z becomes label boss,1
BNP leader Nick Griffin arrested,1
New drink limit 'would cut toll',0
US actor 'found with gun residue',0
UK debut for Kevin Spacey movie,1
Worldcom director ends evidence,0
Claxton hunting first major medal,0
Making your office work for you,0
Abba reunite for musical premiere,1
Holmes starts 2005 with GB events,0
Continental 'may run out of cash',0
How political squabbles snowball,0
Deal to ban 'homophobic' reggae,1
Wenger handed summer war chest,1
German growth goes into reverse,1
Donor attacks Blair-Brown 'feud',0
Scotland 18-10 Italy,0
BA to suspend two Saudi services,1
Muslims discuss election concerns,1
Musicians to tackle US red tape,1
Dent continues Adelaide progress,1
The Force is strong in Battlefront,1
Blair 'said he would stand down',0
Cactus diet deal for Phytopharm,0
Prodigy Monfils blows away Gaudio,0
Iran jails blogger for 14 years,1
Kidman wins photographer battle,1
Potter director signs Warner deal,1
Hi-tech posters guide commuters,1
Ask Jeeves joins web log market,1
Call for action on internet scam,0
Movie body targets children's PCs,1
Parents face video game lessons,1
Bees handed potential Man Utd tie,1
Moore questions captaincy,0
Anti-spam screensaver scrapped,1
UK Directors Guild nominees named,0
Day-Lewis set for Berlin honour,1
Howard dismisses Tory tax fears,0
Robotic pods take on car design,1
Davenport puts retirement on hold,1
Video phones act as dating tools,0
Ref stands by Scotland decisions,1
Blunkett unveils policing plans,1
Britons growing 'digitally obese',1
Parmalat boasts doubled profits,1
Top Tories on Lib Dem 'hit list',0
Kennedy to make temple address,1
Yukos heading back to US courts,0
"DVD review: I, Robot",1
Jones files lawsuit against Conte,1
Casino Royale is next Bond movie,1
Hard act to follow for OutKast,1
Redford's vision of Sundance,0
Parry firm over Gerrard,0
Mobile gaming takes off in India,0
"Nat Insurance to rise, say Tories",1
UK rebate 'unjustified' - Chirac,1
Stars shine on Bafta red carpet,1
Halo fans' hope for sequel,1
Mobile games come of age,1
Labour in constituency race row,0
Intel unveils laser breakthrough,0
Scissor Sisters triumph at Brits,1
Labour's four little words,1
White admits to Balco drugs link,0
SA unveils 'more for all' budget,0
US economy shows solid GDP growth,1
Sun offers processing by the hour,0
Obituary: Dame Alicia Markova,0
Double win for Sea Inside,1
Honda wins China copyright ruling,1
London Irish 19-33 Wasps,1
Blair 'up for it' ahead of poll,0
Drive to 'save' festive holidays,0
Tarantino to direct CSI episode,1
Connors boost for British tennis,0
India's Maruti sees profits jump,1
Blair Labour's longest-serving PM,1
Parties warned over 'grey vote',1
Hunt demo at Labour meeting,1
Holmes urged to compete at Worlds,0
Black Sabbath top rock album poll,1
Bollywood draws global stars,1
"Beatles suits sell for $110,000",1
Rusedski forced out in Marseille,1
Half-Life 2 sweeps Bafta awards,0
Holmes starts 2005 with GB events,1
New UKIP defection to 'Veritas',1
Howard unveils election platform,1
Observers to monitor UK election,0
Murray returns to Scotland fold,1
Franz man seeks government help,1
Desailly backs Blues revenge trip,0
TV's future down the phone line,0
Holmes feted with further honour,1
Celtic unhappy over Bulgaria date,0
Consumers drive French economy,1
Church urges Nelly show boycott,1
Blunkett sorry over murder plan,0
Hewitt falls to Dent,0
Smith loses US box office crown,1
US industrial output growth eases,1
Usher leads Soul Train shortlist,0
Hague 'given up' his PM ambition,1
Ericsson sees earnings improve,1
Lords wrong on detainees - Straw,0
Bafta to hand out movie honours,1
Clarke plans migrant point scheme,1
Bush to outline 'toughest' budget,1
Mystery surrounds new Yukos owner,0
Budget Aston takes on Porsche,1
Blog reading explodes in America,0
DVD review: Spider-Man 2,1
Murphy: That was a bruising battle,0
Howard and Blair tax pledge clash,0
Blair and Brown criticised by MPs,1
Agassi fear for Melbourne,1
Carry On star Patsy Rowlands dies,1
Stars pay tribute to actor Davis,1
Capriati out of Australian Open,0
Web logs aid disaster recovery,1
Loyalty cards idea for TV addicts,1
Asia shares defy post-quake gloom,1
Pete Doherty misses bail deadline,1
Software watching while you work,0
Mauresmo opens with victory in LA,1
Tindall wants second opinion,0
Wales critical of clumsy Grewcock,0
UK firms 'embracing e-commerce',1
Dollar hovers around record lows,0
Collins to compete in Birmingham,0
BBC 'should allow more scrutiny',0
Ukraine steel sell-off 'illegal',1
Briton wins short film Oscar,1
Court rejects $280bn tobacco case,0
Viewers to be able to shape TV,0
Middlesbrough 2-2 Charlton,1
Sociedad set to rescue Mladenovic,1
Millions 'to lose textile jobs',0
Juninho demand for O'Neill talks,1
Greer attacks 'bully' Big Brother,1
Google to scan famous libraries,1
Yelling takes Cardiff hat-trick,1
Bomb threat at Bernabeu stadium,1
Ferguson rues failure to cut gap,1
Willis sues over movie 'injury',1
Asian banks halt dollar's slide,0
US charity anthem is re-released,1
Profile: David Blunkett,1
Oscar nominee Dan O'Herlihy dies,1
Japanese banking battle at an end,0
Cabs collect mountain of mobiles,0
US retail sales surge in December,1
Bellamy under new fire,1
Ruddock backs Yapp's credentials,0
Chelsea ridiculed over complaint,1
Lib Dems 'to target stamp duty',0
MCI shares climb on takeover bid,1
Redknapp poised for Saints,0
Brown's poll campaign move denied,1
Clarke defends terror detentions,1
Henman hopes ended in Dubai,1
Lib Dems unveil women's manifesto,0
Jungle TV show ratings drop by 4m,1
GM issues 2005 profits warning,1
Neeson in bid to revive theatre,1
The gaming world in 2005,1
Web photo storage market hots up,0
US prepares for hybrid onslaught,1
Martinez sees off Vinci challenge,0
Spector facing more legal action,1
Owen determined to stay in Madrid,0
Tsunami debt deal to be announced,0
Singapore growth at 8.1% in 2004,1
Booming markets shed few tears,0
Britons fed up with net service,0
UK net users leading TV downloads,1
Tories reject rethink on axed MP,1
Swap offer for pirated Windows XP,0
Johnson accuses British sprinters,1
O'Driscoll out of Scotland game,0
Ferdinand casts doubt over Glazer,0
Goodrem wins top female MTV prize,1
Sainsbury's Labour election gift,0
Little Britain two top comic list,1
Aviator and Vera take Bafta glory,1
Yukos unit fetches $9bn at auction,0
Global digital divide 'narrowing',1
Police urge pub closure power,1
Gaming firm to sell UK dog tracks,1
Dawson wins England squad recall,0
DS aims to touch gamers,1
Labour chooses Manchester,1
Mutu to hold talks with Juventus,0
Dallaglio his own man to the end,0
US to rule on Yukos refuge call,1
Sony PSP tipped as a 'must-have',0
Uganda bans Vagina Monologues,0
Slimmer PlayStation triple sales,0
Irish company hit by Iraqi report,0
Apple iPod family expands market,1
Moreno debut makes Oscar mark,1
Taylor poised for Scotland return,0
IBM frees 500 software patents,1
Duff ruled out of Barcelona clash,0
Mobiles rack up 20 years of use,1
UK's National Gallery in the pink,1
Mobile audio enters new dimension,0
Software watching while you work,1
Mac Mini heralds mini revolution,0
Grammys honour soul star Charles,1
Call centre users 'lose patience',0
